StartZone,EndZone,Distance
z1,z2,317.2085335
z2,z3,199.1662906
z1,z4,601.7336301
z5,z6,186.0922043
z2,z5,179.0475715
z6,z4,357.9784705
z2,z6,340.1791705